Topic,Format
Acupressure Point,Guides
Airport,Checklists
Allergy Tracker,Sheets
Anime Watch List,Trackers
Anniversary Memory Book,Pages
Antique Appraisal,Sheets
Aquarium Care,Logs
Aquarium Setup,Guides
Art Therapy Coloring,Pages
Astronomy,Charts
Astrophotography Location,Trackers
Baby Milestone,Cards
Baby Shower,Games
Bachelor Party,Games
Bachelorette Party,Games
Baking Recipe,Templates
Beer Brewing,Logs
Bird Watching,Logs
Birdhouse Building,Plans
Birthday Party,Decorations
Board Game,Templates
Bookmark,Templates
Bridal Shower,Games
Bridal Shower Thank You,Cards
Bridesmaid Proposal,Cards
Budget,Sheets
Wedding Budget,Planners
Business,Cards
Calendar,Templates
Camping,Checklists
Canning,Labels
Car Maintenance,Logs
Chakra Balancing,Charts
Child Chores,Charts
Child Education,Workbooks
Holiday,Cards
Classroom Welcome,Decorations
Coffee Connoisseur’s,Logs
College Prep,Checklists
Comic Book,Templates
Cosplay Design,Sketches
Cover Letter,Templates
Craft Beer Home Brewers,Labels
Crossword,Puzzles
Cruise Planner,Sheets
Cultural Event Celebrations,Lists
Custom Passport,Covers
Cybersecurity,Tips
Daily Affirmation,Cards
Dance Practice,Schedules
Dance Step ,Diagrams
Detox Plan,Templates
Digital Detox,Plans
Digital Marketing,Tips
Digital Nomad Essentials,Guides
DIY Candle Making,Instructions
DIY Home Decor,Instructions
DIY Mask,Patterns
DIY Toys,Patterns
Documentary Tracking,Lists
Doll Clothing,Patterns
Ebook,Covers
Eco-Friendly Living,Tips
Embroidery,Patterns
Emergency Contact,Cards
Engagement Party,Ideas
Family Emergency Information,Sheets
Fantasy Novel World Building,Templates
Fantasy Sports Draft,Sheets
Fashion Design,Templates
Fermentation,Recipes
Film Review,Sheets
Financial,Trackers
Fine Art Collection,Trackers
First Year Baby Book,Pages
Fitness Workout Log,Sheets
Fitness Challenge,Trackers
Flash Fiction,Writing Prompts
Food Dehydration,Charts
Freelancer Invoice ,Templates
Garage Sale,Tags
Gardening Plant Care,Guides
Gardening Zone,Maps
Genealogy Family Tree ,Templates
Gift,Tags
Glassblowing Design,Templates
Gluten-Free Meal,Planners
Golf Score,Cards
Graduation Party,Decorations
Grocery,Lists
Guitar Chord,Sheets
Halloween,Decorations
Herb Spice Inventory,Lists
Herbal Remedy,Recipes
Herbal Tea Blends Benefits,Cards
Hiking,Guides
Historical Diary,Replicas
Historical Event,Timelines
Home Bar Essentials,Checklists
Home Brewing Recipe,Cards
Home Inventory,Lists
Home Renovation Project,Planners
Homemade Cheese,Guides
Homeschooling,Planners
House Cleaning,Checklists
Insurance Information,Sheets
Intermittent Fasting,Guides
International Etiquette,Guides
Journal Prompts,Pages
Juicing Combinations,Cards
Keto Diet,Trackers
Kid Coloring,Pages
Kid Tooth Brushing,Charts
Kite Making,Instructions
Knitting Crochet,Patterns
Lactose Intolerance Food ,Lists
Landscape Photography Location ,Lists
Language Learning,Cards
Language Phrase,Sheets
Leather Crafting,Patterns
Legal,Forms
Library Organization,Labels
Literature,Summaries
Luggage,Tags
Luxury Car Care,Logs
Macrobiotic Diet Meal,Plans
Magic Tricks Tutorial,Sheets
Marketing,Seasonal Produce
Martial Arts Technique,Guides
Meal Planner,Pages
Metalworking Project,Plans
Mindfulness,Guides
Minimalist Living,Checklists
Model Railroad Layout,Templates
Motivational Desk,Cards
Motorcycle Maintenance,Logs
Moving Box ,Labels
Museum Visit,Planners
Mushroom Foraging,Checklists
Music Festival,Planners
Music Practice,Sheets
National Park Visit,Planners
New Mom Advice,Cards
Nonprofit Donation,Trackers
Online Course,Workbooks
Online Privacy,Guides
Origami,Instructions
Paleo Diet Recipe,Cards
Parent-Teacher Conference,Planners
Personal Development Goals,Trackers
Pet Birthday Party,Decorations
Pet Care,Charts
Pet Training,Logs
Philosophy Summary,Guides
Photo Booth,Props
Piano Sheet Music for Beginners,Sheets
Pickling,Recipes
Planner,Pages
Planner,Stickers
Poetry Writing,Templates
Portrait Photography Pose,Guides
Pottery Project,Ideas
Pregnancy Milestone,Cards
Prepper Emergency,Lists
Productivity,Timetables
Professional Networking,Trackers
Quilt Block,Patterns
Raw Food Diet Recipe,Cards
Reading Challenge,Lists
Real Estate Investment,Trackers
Recipe,Cards
Resumé,Templates
Retirement Party,Games
Retirement Planning,Workbooks
Road Trip Bingo,Cards
Rock Climbing Route,Planners
Role-Playing Game (RPG) Character,Sheets
Save-the-Date,Cards
Scrapbooking,Templates
Scuba Dive Log,Sheets
Seasonal Festivity,Planners
Seasonal Produce,Guides
Seasonal Gardening,Planners
Self-defense,Guides
Sewing,Patterns
Smartphone Photography,Tips
Smoothie Recipes,Cards
Social Media,Planners
Sommelier’s Wine Tasting,Journals
Special Education Resource,Sheets
Sports Photography ,Tips
Startup Business Plan,Templates
Student Award,Certificates
Study,Timetables
Sudoku,Pages
Surfing Journal,Pages
Tea Tasting,Journals
Teacher Appreciation,Cards
Teaching Aids,Decorations
Teen Budget,Workbooks
Theater Script,Templates
Time Zone,Maps
Travel Itineraries,Lists
Travel Journal,Pages
Travel Photography ,Checklists
Travel Safety ,Tips
Vegan Meal,Planners
Vegan Transition,Plans
Vegetarian Starter,Cards
Video Game Achievement,Trackers
Wall Art Quotes,Decorations
Wedding,Invitations
Wedding Anniversary,Cards
Wedding Photo Booth,Props
Wine Tasting Scores,Sheets
Woodworking,Plans
World Maps for Travel,Trackers
World Religion Fact,Sheets
Wrapping,Paper
Yoga Poses,Charts
Youth Sports Snack,Schedules
Zero Waste Swap,Lists
Preserving,Labels
Packing Lists,Lists